BAFU name,BAFU category,Ecoinvent name,Ecoinvent category
(Aminooxy)(hydroxy)sulfane dioxide,"('soil', 'industrial')",,
1-Butanol,"('water', 'surface water')",Butanol,
1-Butanol,"('air', 'non-urban air or from high stacks')",Butanol,
1-Butanol,"('air', 'urban air close to ground')",Butanol,
1-Butanol,"('air',)",Butanol,
1-Methyl-2-pyrrolidinone,"('air',)",,
1-Propanol,"('water', 'surface water')",Propanol,
1-Propanol,"('air', 'urban air close to ground')",Propanol,
1-Propanol,"('air',)",Propanol,
"2-Butene, 2-methyl-","('water', 'surface water')",2-Methyl-2-butene,
"2-Butene, 2-methyl-","('air', 'urban air close to ground')",2-Methyl-2-butene,
"2-Butene, 2-methyl-","('air',)",2-Methyl-2-butene,
2-Methyl-4-chlorophenoxyacetic acid,"('soil', 'agricultural')",,
"4,4'-Biphenol","('air',)",,
Acetochlor,"('air',)",,
Acetochlor,"('water', 'surface water')",,
"Acetylene, dichloro-","('air', 'urban air close to ground')",,
"Acetylene, dichloro-","('air',)",,
"Acidity, unspecified","('air',)",,
"Acidity, unspecified","('soil', 'industrial')",,
Air,"('natural resource', 'in air')",,
Alachlor,"('water', 'surface water')",,
Aluminium,"('water', 'ground-')",Aluminium III,
Aluminium,"('air', 'low population density, long-term')",Aluminium III,
Aluminium,"('soil', 'agricultural')",Aluminium III,
Aluminium,"('soil', 'industrial')",Aluminium III,
Aluminium,"('water', 'ocean')",Aluminium III,
Aluminium,"('water', 'surface water')",Aluminium III,
Aluminium,"('air', 'non-urban air or from high stacks')",Aluminium III,
Aluminium,"('soil',)",Aluminium III,
Aluminium,"('air', 'urban air close to ground')",Aluminium III,
Aluminium,"('water', 'ground-, long-term')",Aluminium III,
Aluminium,"('air',)",Aluminium III,
Aluminium,"('water',)",Aluminium III,
"Aluminium, resource correction","('resources',)",Aluminium,"('natural resource', 'in ground')"
"Aluminium, resource correction","('natural resource', 'in ground')",Aluminium,
"Ammonium, ion","('water',)",Ammonium,
"Ammonium, ion","('water', 'ground-, long-term')",Ammonium,
"Ammonium, ion","('water', 'ground-')",Ammonium,
"Ammonium, ion","('water', 'surface water')",Ammonium,
"Ammonium, ion","('water', 'ocean')",Ammonium,
Anthracene,"('air', 'urban air close to ground')",,"('air',)"
Antimony,"('air', 'non-urban air or from high stacks')",Antimony ion,
Antimony,"('water',)",Antimony ion,
Antimony,"('water', 'ground-, long-term')",Antimony ion,
Antimony,"('water', 'ground-')",Antimony ion,
Antimony,"('air',)",Antimony ion,
Antimony,"('soil', 'industrial')",Antimony ion,
Antimony,"('air', 'low population density, long-term')",Antimony ion,
Antimony,"('water', 'surface water')",Antimony ion,
Antimony,"('soil', 'agricultural')",Antimony ion,
Antimony,"('soil',)",Antimony ion,
Antimony,"('air', 'urban air close to ground')",Antimony ion,
"AOX, Adsorbable Organic Halogen as Cl","('water', 'ocean')","AOX, Adsorbable Organic Halogen",
"AOX, Adsorbable Organic Halogen as Cl","('water', 'surface water')","AOX, Adsorbable Organic Halogen",
"AOX, Adsorbable Organic Halogen as Cl","('water',)","AOX, Adsorbable Organic Halogen",
Argon,"('air',)",Argon-40,
Arsenic,"('air', 'low population density, long-term')",Arsenic ion,
Arsenic,"('soil', 'agricultural')",Arsenic ion,
Arsenic,"('soil',)",Arsenic ion,
Arsenic,"('air', 'urban air close to ground')",Arsenic ion,
Arsenic,"('water', 'ocean')",Arsenic ion,
Arsenic,"('water', 'surface water')",Arsenic ion,
Arsenic,"('air', 'non-urban air or from high stacks')",Arsenic ion,
Arsenic,"('water', 'ground-, long-term')",Arsenic ion,
Arsenic,"('air',)",Arsenic ion,
Arsenic,"('water',)",Arsenic ion,
Arsenic,"('soil', 'industrial')",Arsenic ion,
Arsenic,"('water', 'ground-')",Arsenic ion,
Arsenic trioxide,"('air',)",,
Arsenic V,"('soil', 'industrial')",,
"Arsenic, ion","('air',)",Arsenic ion,
Atrazine,"('air',)",,
Azadirachtin A+B,"('soil', 'agricultural')",,
Barite,"('natural resource', 'in ground')","Barite, 15% in crude ore",
Barium,"('air', 'urban air close to ground')",Barium II,
Barium,"('water', 'ground-, long-term')",Barium II,
Barium,"('air',)",Barium II,
Barium,"('water',)",Barium II,
Barium,"('soil', 'industrial')",Barium II,
Barium,"('water', 'ground-')",Barium II,
Barium,"('air', 'low population density, long-term')",Barium II,
Barium,"('soil', 'agricultural')",Barium II,
Barium,"('soil',)",Barium II,
Barium,"('water', 'ocean')",Barium II,
Barium,"('water', 'surface water')",Barium II,
Barium,"('air', 'non-urban air or from high stacks')",Barium II,
Basalt,"('natural resource', 'biotic')",Basalt,"('natural resource', 'in ground')"
Basalt,"('natural resource', 'in air')",Basalt,"('natural resource', 'in ground')"
Bauxite,"('natural resource', 'in ground')","Aluminium, 24% in bauxite, 11% in crude ore",
Benomyl,"('air',)",,
Benomyl,"('water', 'surface water')",,
Benzene (as BTEX),"('water',)",,
"Benzene, 1-methyl-2-nitro-","('air', 'urban air close to ground')",,
"Benzene, 1,2-dichloro-","('air', 'urban air close to ground')","1,2-Dichlorobenzene",
"Benzene, 1,2-dichloro-","('water', 'surface water')","1,2-Dichlorobenzene",
"Benzene, 1,2-dichloro-","('water',)","1,2-Dichlorobenzene",
"Benzene, 1,2,4-trimethyl-","('air',)",,
"Benzene, chloro-","('air',)","Benzene, chloro-",
"Benzene, dichloro-","('air', 'urban air close to ground')",,
"Benzene, hexachloro-","('water', 'surface water')","Benzene, hexachloro-",
"Benzene, pentachloro-","('water', 'surface water')","Benzene, pentachloro-",
"Benzene, pentachloronitro-","('soil', 'agricultural')",,
Benzo(a)anthracene,"('water', 'ocean')",,
Benzo(a)anthracene,"('air',)",,
Benzo(a)anthracene,"('water', 'surface water')",,
"Benzo(g,h,i)perylene","('air',)",,
Beryllium,"('air', 'low population density, long-term')",Beryllium II,
Beryllium,"('water', 'surface water')",Beryllium II,
Beryllium,"('air', 'urban air close to ground')",Beryllium II,
Beryllium,"('water', 'ocean')",Beryllium II,
Beryllium,"('air', 'non-urban air or from high stacks')",Beryllium II,
Beryllium,"('water',)",Beryllium II,
Beryllium,"('water', 'ground-, long-term')",Beryllium II,
Beryllium,"('air',)",Beryllium II,
Beryllium,"('soil', 'industrial')",Beryllium II,
Beryllium,"('water', 'ground-')",Beryllium II,
Biphenyl,"('air',)",,
Black carbon,"('air',)",,
Bromide,"('soil', 'industrial')",,
"Butadiene, hexachloro-","('water', 'surface water')",,
"Butadiene, hexachloro-","('water',)",,
"Butane, perfluorocyclo-, PFC-318","('air', 'urban air close to ground')",,
Cadmium,"('water', 'ground-, long-term')",Cadmium II,
Cadmium,"('water', 'ground-')",Cadmium II,
Cadmium,"('air',)",Cadmium II,
Cadmium,"('soil', 'industrial')",Cadmium II,
Cadmium,"('air', 'lower stratosphere + upper troposphere')",Cadmium II,
Cadmium,"('air', 'low population density, long-term')",Cadmium II,
Cadmium,"('water', 'surface water')",Cadmium II,
Cadmium,"('soil', 'agricultural')",Cadmium II,
Cadmium,"('soil',)",Cadmium II,
Cadmium,"('air', 'urban air close to ground')",Cadmium II,
Cadmium,"('water', 'ocean')",Cadmium II,
Cadmium,"('air', 'non-urban air or from high stacks')",Cadmium II,
Cadmium,"('water',)",Cadmium II,
Calcium,"('water', 'surface water')",Calcium II,
Calcium,"('water', 'ocean')",Calcium II,
Calcium,"('water',)",Calcium II,
Calcium,"('water', 'ground-, long-term')",Calcium II,
Calcium,"('water', 'ground-')",Calcium II,
Calcium chloride,"('natural resource', 'in ground')",,
Caprolactam,"('air',)",,
Carbon,"('water', 'ground-')",,
Carbon,"('air', 'urban air close to ground')",,
Carbon black,"('air',)",,
Carbon dioxide,"('air', 'non-urban air or from high stacks')","Carbon dioxide, fossil",
Carbon dioxide,"('air',)","Carbon dioxide, fossil",
"Carbon dioxide, biogenic","('air', 'non-urban air or from high stacks')","Carbon dioxide, non-fossil",
"Carbon dioxide, biogenic","('air', 'urban air close to ground')","Carbon dioxide, non-fossil",
"Carbon dioxide, biogenic","('air',)","Carbon dioxide, non-fossil",
"Carbon dioxide, in air","('resources',)","Carbon dioxide, in air","('natural resource', 'in air')"
"Carbon dioxide, in air","('natural resource', 'biotic')","Carbon dioxide, in air","('natural resource', 'in air')"
"Carbon dioxide, land transformation","('air', 'non-urban air or from high stacks')","Carbon dioxide, from soil or biomass stock",
"Carbon dioxide, land transformation","('air',)","Carbon dioxide, from soil or biomass stock",
Carbon monoxide,"('air',)","Carbon monoxide, fossil",
"Carbon monoxide, biogenic","('air', 'urban air close to ground')","Carbon monoxide, non-fossil",
"Carbon monoxide, biogenic","('air', 'non-urban air or from high stacks')","Carbon monoxide, non-fossil",
"Carbon monoxide, biogenic","('air',)","Carbon monoxide, non-fossil",
Cerium,"('water', 'surface water')",Cerium-144,
Cesium,"('water', 'surface water')",Caesium,
Cesium,"('water', 'ocean')",Caesium,
Cesium-134,"('air',)",Caesium-134,
Cesium-134,"('water',)",Caesium-134,
Cesium-134,"('water', 'ocean')",Caesium-134,
Cesium-134,"('water', 'surface water')",Caesium-134,
Cesium-134,"('air', 'non-urban air or from high stacks')",Caesium-134,
Cesium-136,"('water', 'surface water')",Caesium-136,
Cesium-137,"('water', 'ocean')",Caesium-137,
Cesium-137,"('water', 'surface water')",Caesium-137,
Cesium-137,"('air', 'non-urban air or from high stacks')",Caesium-137,
Cesium-137,"('air',)",Caesium-137,
Cesium-137,"('water',)",Caesium-137,
Chemically polluted water,"('water', 'surface water')",,
Chloride,"('air',)",,
Chlorine,"('soil', 'industrial')",,
Chlorine dioxide,"('air',)",,
Chromium,"('water', 'ocean')",Chromium VI,
Chromium,"('air', 'non-urban air or from high stacks')",Chromium VI,
Chromium,"('water',)",Chromium VI,
Chromium,"('water', 'ground-')",Chromium VI,
Chromium,"('air',)",Chromium VI,
Chromium,"('soil', 'industrial')",Chromium VI,
Chromium,"('air', 'lower stratosphere + upper troposphere')",Chromium VI,
Chromium,"('water', 'surface water')",Chromium VI,
Chromium,"('soil', 'agricultural')",Chromium VI,
Chromium,"('soil',)",Chromium VI,
Chromium,"('air', 'urban air close to ground')",Chromium VI,
"Chromium, resource correction","('natural resource', 'in ground')",Chromium,
Chrysene,"('water', 'ocean')",,"('water', 'surface water')"
Clay,"('natural resource', 'in ground')","Clay, unspecified",
"Coal, hard","('natural resource', 'in ground')","Coal, hard, unspecified",
Cobalt,"('soil', 'industrial')",Cobalt II,
Cobalt,"('water', 'surface water')",Cobalt II,
Cobalt,"('soil', 'agricultural')",Cobalt II,
Cobalt,"('soil',)",Cobalt II,
Cobalt,"('air', 'urban air close to ground')",Cobalt II,
Cobalt,"('water', 'ocean')",Cobalt II,
Cobalt,"('water', 'ground-, long-term')",Cobalt II,
Cobalt,"('air', 'non-urban air or from high stacks')",Cobalt II,
Cobalt,"('air',)",Cobalt II,
Cobalt,"('water',)",Cobalt II,
Cobalt,"('water', 'ground-')",Cobalt II,
Cobalt,"('air', 'low population density, long-term')",Cobalt II,
Copper,"('water', 'ocean')",Copper ion,
Copper,"('water', 'surface water')",Copper ion,
Copper,"('air', 'non-urban air or from high stacks')",Copper ion,
Copper,"('air', 'urban air close to ground')",Copper ion,
Copper,"('water', 'ground-, long-term')",Copper ion,
Copper,"('air',)",Copper ion,
Copper,"('water',)",Copper ion,
Copper,"('soil', 'industrial')",Copper ion,
Copper,"('air', 'lower stratosphere + upper troposphere')",Copper ion,
Copper,"('water', 'ground-')",Copper ion,
Copper,"('air', 'low population density, long-term')",Copper ion,
Copper,"('soil', 'agricultural')",Copper ion,
Copper,"('soil',)",Copper ion,
"Copper, Cu 0.38%, Au 9.7E-4%, Ag 9.7E-4%, Zn 0.63%, Pb 0.014%, in ore","('natural resource', 'in ground')","Copper, Cu 0.2%, in mixed ore",
"Copper, Cu 3.2E+0%, Pt 2.5E-4%, Pd 7.3E-4%, Rh 2.0E-5%, Ni 2.3E+0% in ore","('natural resource', 'in ground')","Copper, Cu 0.2%, in mixed ore",
"Copper, Cu 5.2E-2%, Pt 4.8E-4%, Pd 2.0E-4%, Rh 2.4E-5%, Ni 3.7E-2% in ore","('natural resource', 'in ground')","Copper, Cu 0.2%, in mixed ore",
"Copper, resource correction","('natural resource', 'in ground')",Copper,
Cresol,"('water', 'surface water')",,
Cresol,"('water', 'ocean')",,
Cyfluthrin,"('soil', 'agricultural')",,
Decane,"('water', 'ocean')",,
Decane,"('water', 'surface water')",,
Decane,"('soil', 'industrial')",,
Deltamethrin,"('water', 'surface water')",,
Dicamba,"('air',)",,
Dimethenamid,"('air',)",,
Dimethyl formamide,"('air',)",,
"Dioxin, 2,3,7,8 Tetrachlorodibenzo-p-","('air', 'non-urban air or from high stacks')","Dioxins, measured as 2,3,7,8-tetrachlorodibenzo-p-dioxin",
"Dioxin, 2,3,7,8 Tetrachlorodibenzo-p-","('air',)","Dioxins, measured as 2,3,7,8-tetrachlorodibenzo-p-dioxin",
"Dioxin, 2,3,7,8 Tetrachlorodibenzo-p-","('water',)","Dioxins, measured as 2,3,7,8-tetrachlorodibenzo-p-dioxin",
"Dioxin, 2,3,7,8 Tetrachlorodibenzo-p-","('water', 'surface water')","Dioxins, measured as 2,3,7,8-tetrachlorodibenzo-p-dioxin",
"Dioxin, 2,3,7,8 Tetrachlorodibenzo-p-","('air', 'urban air close to ground')","Dioxins, measured as 2,3,7,8-tetrachlorodibenzo-p-dioxin",
Dipropylthiocarbamic acid S-ethyl ester,"('soil', 'agricultural')",,
Disodium acid methane arsenate,"('soil', 'agricultural')",,
Dithianone,"('soil', 'agricultural')",,
"Energy, from coal","('natural resource', 'in ground')",,
"Energy, from coal, brown","('natural resource', 'in ground')",,
"Energy, from hydro power","('natural resource', 'in water')","Energy, potential (in hydropower reservoir), converted",
"Energy, from oil","('resources',)",,
"Energy, from peat","('natural resource', 'in ground')",,
"Energy, from uranium","('natural resource', 'in ground')",,
"Energy, geothermal, converted","('natural resource', 'biotic')",,
"Energy, gross calorific value, in biomass","('natural resource', 'biotic')","Energy, gross calorific value, in biomass",
"Energy, gross calorific value, in biomass","('natural resource', 'biotic')","Energy, gross calorific value, in biomass",
"Energy, gross calorific value, in biomass, resource correction","('natural resource', 'biotic')","Energy, gross calorific value, in biomass",
"Energy, gross calorific value, in biomass, resource correction","('natural resource', 'biotic')","Energy, gross calorific value, in biomass",
"Energy, waste heat, air","('natural resource', 'in air')",,
"Ethane, 1,1-dichloro-","('air',)","Ethane, 1,1-dichloro-1-fluoro-, HCFC-141b",
"Ethane, 1,1-dichloro-","('water',)","Ethane, 1,1-dichloro-1-fluoro-, HCFC-141b",
"Ethane, 1,1,2-trifluoro-, HFC-143","('air',)","Ethane, 1,1,1-trifluoro-, HFC-143a",
"Ethane, 1,1,2,2-tetrachloro-","('air',)","Ethane, 1,1,2-trichloro-",
"Ethane, 1,1,2,2-tetrachloro-","('water', 'surface water')","Ethane, 1,1,2-trichloro-",
"Ethane, 1,1,2,2-tetrachloro-","('water',)","Ethane, 1,1,2-trichloro-",
"Ethane, 1,2-dibromo-","('water', 'surface water')",,
"Ethane, chloro-","('air', 'urban air close to ground')",,
"Ethane, chloro-","('air',)",,
"Ethane, chloro-","('water',)",,
"Ethane, chloro-","('water', 'surface water')",,
"Ethanol, 2-ethoxy-","('water', 'surface water')",,
"Ethanol, 2-ethoxy-","('air', 'urban air close to ground')",,
Ethene,"('air',)",,
Ethene,"('air', 'lower stratosphere + upper troposphere')",,
Ethene,"('water', 'surface water')",,
Ethene,"('air', 'urban air close to ground')",,
Ethene,"('air', 'non-urban air or from high stacks')",,
Ethene,"('water',)",,
"Ethene, 1,1-dichloro-","('air',)",,
"Ethene, 1,2-dichloro-","('air',)",,
"Ethene, chloro-","('air', 'urban air close to ground')",,
"Ethene, chloro-","('air',)",,
"Ethene, chloro-","('water',)",,
"Ethene, chloro-","('water', 'surface water')",,
"Ethene, tetrachloro-","('water', 'ocean')",,
"Ethene, tetrachloro-","('water', 'surface water')",,
"Ethene, tetrachloro-","('air', 'non-urban air or from high stacks')",,
"Ethene, tetrachloro-","('water',)",,
"Ethene, tetrachloro-","('air',)",,
"Ethene, tetrachloro-","('air', 'urban air close to ground')",,
"Ethene, trichloro-","('air',)",,
"Ethene, trichloro-","('water',)",,
Ethylene glycol,"('air',)",,
Fipronil,"('water', 'surface water')",,
Fluoranthene,"('water', 'ocean')",,
Fluoride,"('air', 'urban air close to ground')",,
Fluoride,"('air',)",,
"Gas, mine, off-gas, process, coal mining/m3","('natural resource', 'in ground')","Gas, mine, off-gas, process, coal mining",
"Gas, natural/m3","('natural resource', 'in ground')","Gas, natural",
Glyphosate,"('air',)","('air', 'non-urban air or from high stacks')",
"Gold, Au 9.7E-4%, Ag 9.7E-4%, Zn 0.63%, Cu 0.38%, Pb 0.014%, in ore","('natural resource', 'in ground')","Gold, Au 9.7E-4%, in mixed ore",
"Gravel, resource correction","('natural resource', 'in ground')",Gravel,
Helium,"('natural resource', 'in ground')","Helium, in natural gas",
Hexamethylene diamine,"('air',)",,
"Hydrocarbons, unspecified","('air',)",,"('air', 'non-urban air or from high stacks')"
Hydrogen bromide,"('air',)",,
Hydrogen chloride,"('air',)",,
Hydrogen chloride,"('air', 'lower stratosphere + upper troposphere')",,
Hydrogen chloride,"('water', 'surface water')",,
Hydrogen chloride,"('air', 'non-urban air or from high stacks')",,
Hydrogen chloride,"('air', 'urban air close to ground')",,
Hydrogen cyanide,"('air',)",,
Hydrogen cyanide,"('water', 'surface water')",,
Hydrogen fluoride,"('water', 'surface water')",,
Hydrogen iodide,"('air',)",,
Iridium,"('resources',)",,"('natural resource', 'in ground')"
Iron,"('soil', 'industrial')",Iron ion,
Iron,"('water', 'surface water')",Iron ion,
Iron,"('soil', 'agricultural')",Iron ion,
Iron,"('air', 'non-urban air or from high stacks')",Iron ion,
Iron,"('soil',)",Iron ion,
Iron,"('air', 'urban air close to ground')",Iron ion,
Iron,"('water', 'ocean')",Iron ion,
Iron,"('water', 'ground-, long-term')",Iron ion,
Iron,"('air',)",Iron ion,
Iron,"('water',)",Iron ion,
Iron,"('water', 'ground-')",Iron ion,
Iron,"('air', 'low population density, long-term')",Iron ion,
"Iron, ion","('water',)",Iron ion,
"Iron, resource correction","('natural resource', 'in ground')",Iron,
"Iron, resource correction","('resources',)",Iron,"('resources',)"
Isobutane,"('air',)",,
Isobutene,"('air',)",,
Kerosene,"('air', 'urban air close to ground')",,
Lead,"('water',)",Lead II,
Lead,"('water', 'ground-')",Lead II,
Lead,"('air', 'low population density, long-term')",Lead II,
Lead,"('soil', 'industrial')",Lead II,
Lead,"('air', 'lower stratosphere + upper troposphere')",Lead II,
Lead,"('water', 'surface water')",Lead II,
Lead,"('soil', 'agricultural')",Lead II,
Lead,"('soil',)",Lead II,
Lead,"('air', 'urban air close to ground')",Lead II,
Lead,"('water', 'ocean')",Lead II,
Lead,"('water', 'ground-, long-term')",Lead II,
Lead,"('air', 'non-urban air or from high stacks')",Lead II,
Lead,"('air',)",Lead II,
Lead dioxide,"('air',)",,
"Lead, Pb 0.014%, Au 9.7E-4%, Ag 9.7E-4%, Zn 0.63%, Cu 0.38%, in ore","('natural resource', 'in ground')","Lead, Pb 0.014%, in mixed ore",
"Lead, resource correction","('natural resource', 'in ground')",Lead,
Lithium,"('water', 'surface water')",Lithium I,
Lithium,"('soil',)",Lithium I,
Lithium,"('air', 'urban air close to ground')",Lithium I,
Lithium,"('water', 'ocean')",Lithium I,
Lithium,"('water',)",Lithium I,
Lithium,"('water', 'ground-')",Lithium I,
m-Cresol,"('air',)",,
Magnesium chloride,"('natural resource', 'in ground')",,
Mancozeb,"('water', 'surface water')",,"('water', 'ground-')"
Manganese,"('water', 'ground-')",Manganese II,
Manganese,"('air', 'low population density, long-term')",Manganese II,
Manganese,"('soil', 'industrial')",Manganese II,
Manganese,"('water', 'surface water')",Manganese II,
Manganese,"('soil', 'agricultural')",Manganese II,
Manganese,"('air', 'non-urban air or from high stacks')",Manganese II,
Manganese,"('soil',)",Manganese II,
Manganese,"('air', 'urban air close to ground')",Manganese II,
Manganese,"('water', 'ocean')",Manganese II,
Manganese,"('water', 'ground-, long-term')",Manganese II,
Manganese,"('air',)",Manganese II,
Manganese,"('water',)",Manganese II,
Mercury,"('air', 'non-urban air or from high stacks')",Mercury II,
Mercury,"('soil',)",Mercury II,
Mercury,"('air', 'urban air close to ground')",Mercury II,
Mercury,"('water', 'ocean')",Mercury II,
Mercury,"('water', 'ground-, long-term')",Mercury II,
Mercury,"('air',)",Mercury II,
Mercury,"('water',)",Mercury II,
Mercury,"('air', 'lower stratosphere + upper troposphere')",Mercury II,
Mercury,"('water', 'ground-')",Mercury II,
Mercury,"('air', 'low population density, long-term')",Mercury II,
Mercury,"('soil', 'agricultural')",Mercury II,
Mercury,"('soil', 'industrial')",Mercury II,
Mercury,"('water', 'surface water')",Mercury II,
Metaldehyde (tetramer),"('soil', 'agricultural')",,
"Metals, unspecified","('air',)",,
Metam-sodium dihydrate,"('soil', 'agricultural')",,
"Metamorphous rock, graphite containing","('natural resource', 'in ground')",,
"Methane, biogenic","('air', 'non-urban air or from high stacks')","Methane, non-fossil",
"Methane, biogenic","('air', 'urban air close to ground')","Methane, non-fossil",
"Methane, biogenic","('air',)","Methane, non-fossil",
"Methane, monochloro-, R-40","('water',)","Methane, monochloro-, R-40",
"Methane, monochloro-, R-40","('water', 'surface water')","Methane, monochloro-, R-40",
"Methane, tetrachloro-, CFC-10","('water', 'surface water')","Methane, tetrachloro-, R-10",
"Methane, tetrachloro-, CFC-10","('air', 'urban air close to ground')","Methane, tetrachloro-, R-10",
"Methane, tetrachloro-, CFC-10","('air',)","Methane, tetrachloro-, R-10",
"Methane, tetrachloro-, CFC-10","('water',)","Methane, tetrachloro-, R-10",
"Methane, tetrafluoro-, CFC-14","('air',)","Methane, tetrafluoro-, R-14",
"Methane, tetrafluoro-, CFC-14","('air', 'urban air close to ground')","Methane, tetrafluoro-, R-14",
Methomyl,"('air',)",,"('air', 'non-urban air or from high stacks')"
Methyl mercaptan,"('air',)",,
Methyl methacrylate,"('air',)",,
Methyl pentane,"('water', 'surface water')","2,2,4-Trimethyl pentane",
Metiram,"('soil', 'agricultural')",,
Molybdenum,"('water', 'surface water')",Molybdenum VI,
Molybdenum,"('soil', 'agricultural')",Molybdenum VI,
Molybdenum,"('air', 'non-urban air or from high stacks')",Molybdenum VI,
Molybdenum,"('soil',)",Molybdenum VI,
Molybdenum,"('air', 'urban air close to ground')",Molybdenum VI,
Molybdenum,"('water', 'ocean')",Molybdenum VI,
Molybdenum,"('water', 'ground-, long-term')",Molybdenum VI,
Molybdenum,"('air',)",Molybdenum VI,
Molybdenum,"('water',)",Molybdenum VI,
Molybdenum,"('water', 'ground-')",Molybdenum VI,
Molybdenum,"('air', 'low population density, long-term')",Molybdenum VI,
Molybdenum,"('soil', 'industrial')",Molybdenum VI,
Monosodium acid methanearsonate,"('soil', 'agricultural')",,
"N-(2,3-dichloro-4-hydroxyphenyl)-1-methylcyclohexane-1-carboxamide","('soil', 'agricultural')",,
N-octane,"('air',)",,
Naphthalene,"('water', 'ocean')",,
Naphthalene,"('air', 'urban air close to ground')",,"('air',)"
Nickel,"('air', 'urban air close to ground')",Nickel II,
Nickel,"('water', 'ocean')",Nickel II,
Nickel,"('air', 'non-urban air or from high stacks')",Nickel II,
Nickel,"('water',)",Nickel II,
Nickel,"('water', 'ground-, long-term')",Nickel II,
Nickel,"('water', 'ground-')",Nickel II,
Nickel,"('air',)",Nickel II,
Nickel,"('soil', 'industrial')",Nickel II,
Nickel,"('air', 'lower stratosphere + upper troposphere')",Nickel II,
Nickel,"('air', 'low population density, long-term')",Nickel II,
Nickel,"('water', 'surface water')",Nickel II,
Nickel,"('soil', 'agricultural')",Nickel II,
Nickel,"('soil',)",Nickel II,
"Nickel, Ni 2.3E+0%, Pt 2.5E-4%, Pd 7.3E-4%, Rh 2.0E-5%, Cu 3.2E+0% in ore","('natural resource', 'in ground')",Nickel,
"Nickel, Ni 3.7E-2%, Pt 4.8E-4%, Pd 2.0E-4%, Rh 2.4E-5%, Cu 5.2E-2% in ore","('natural resource', 'in ground')",Nickel,
"Nickel, resource correction","('natural resource', 'in ground')",Nickel,
Nitrate,"('soil', 'industrial')",,"('soil',)"
Nitric acid,"('water',)",,
Nitrogen dioxide,"('air',)",Nitrogen oxides,
"Nitrogen dioxide, RAF","('air',)",Nitrogen oxides,
Nitrogen monoxide,"('air',)",Nitrogen oxides,
"NMVOC, non-methane volatile organic compounds, unspecified origin","('air', 'non-urban air or from high stacks')","NMVOC, non-methane volatile organic compounds",
"NMVOC, non-methane volatile organic compounds, unspecified origin","('air', 'urban air close to ground')","NMVOC, non-methane volatile organic compounds",
"NMVOC, non-methane volatile organic compounds, unspecified origin","('air',)","NMVOC, non-methane volatile organic compounds",
"NMVOC, non-methane volatile organic compounds, unspecified origin","('air', 'lower stratosphere + upper troposphere')","NMVOC, non-methane volatile organic compounds",
"Noise, aircraft, freight","('non material emissions',)",,
"Noise, aircraft, passenger","('non material emissions',)",,
"Noise, rail, freight train","('non material emissions',)",,
"Noise, rail, passenger train, average","('non material emissions',)",,
"Noise, road, lorry, average","('non material emissions',)",,
"Noise, road, passenger car, average","('non material emissions',)",,
"Occupation, agriculture","('natural resource', 'land')","Occupation, annual crop",
"Occupation, agriculture, mosaic","('natural resource', 'land')","Occupation, annual crop",
"Occupation, annual crop, irrigated","('resources',)",,"('natural resource', 'land')"
"Occupation, annual crop, non-irrigated, diverse-intensive","('natural resource', 'land')","Occupation, annual crop, non-irrigated",
"Occupation, annual crop, non-irrigated, intensive","('resources',)",,"('natural resource', 'land')"
"Occupation, annual crop, organic","('natural resource', 'land')","Occupation, annual crop, irrigated",
"Occupation, dump site, benthos","('natural resource', 'land')","Occupation, dump site",
"Occupation, forest, extensive","('resources',)",,"('natural resource', 'land')"
"Occupation, forest, intensive, normal","('natural resource', 'land')","Occupation, forest, intensive",
"Occupation, forest, intensive, short-cycle","('natural resource', 'land')","Occupation, forest, intensive",
"Occupation, forest, unspecified","('resources',)","('natural resource', 'land')",
"Occupation, industrial area","('resources',)",,"('natural resource', 'land')"
"Occupation, industrial area","('natural resource', 'in ground')",,"('natural resource', 'land')"
"Occupation, industrial area, benthos","('natural resource', 'land')","Occupation, industrial area",
"Occupation, industrial area, built up","('natural resource', 'land')","Occupation, industrial area",
"Occupation, industrial area, built up","('resources',)","Occupation, industrial area","('natural resource', 'land')"
"Occupation, industrial area, vegetation","('resources',)","Occupation, industrial area","('natural resource', 'land')"
"Occupation, industrial area, vegetation","('natural resource', 'land')","Occupation, industrial area",
"Occupation, pasture, man made, organic","('natural resource', 'land')","Occupation, pasture, man made",
"Occupation, permanent crop, fruit, intensive","('natural resource', 'land')","Occupation, permanent crop",
"Occupation, sealed soil","('natural resource', 'land')","Occupation, unspecified",
"Occupation, traffic area","('resources',)",,"('natural resource', 'land')"
"Occupation, traffic area, rail network, CH","('natural resource', 'land')","Occupation, traffic area, rail network",
"Occupation, traffic area, rail/road embankment, CH","('natural resource', 'land')","Occupation, traffic area, rail/road embankment",
"Occupation, traffic area, road embankment","('natural resource', 'land')","Occupation, traffic area, rail/road embankment",
"Occupation, traffic area, road network","('resources',)",,"('natural resource', 'land')"
"Occupation, tropical rain forest","('natural resource', 'land')","Occupation, unspecified",
"Occupation, unspecified, used","('natural resource', 'land')","Occupation, unspecified",
"Occupation, urban","('resources',)",,"('natural resource', 'land')"
"Occupation, urban, discontinuously built","('resources',)",,"('natural resource', 'land')"
"Occupation, water bodies, artificial","('natural resource', 'land')","Occupation, lake, artificial",
"Occupation, water courses, artificial","('natural resource', 'land')","Occupation, river, artificial",
Octene (mixture of isomers),"('air',)",,
"Oils, biogenic","('soil', 'forestry')","Oils, non-fossil",
"Oils, biogenic","('soil', 'industrial')","Oils, non-fossil",
"Oils, biogenic","('soil', 'agricultural')","Oils, non-fossil",
"Oils, biogenic","('soil',)","Oils, non-fossil",
"Organic carbon, placed in landfill","('natural resource', 'in ground')",,
Oxydemeton methyl,"('soil', 'agricultural')",,
p-Cresol,"('air',)",,
P-cyanophenol,"('soil', 'industrial')",,
"Palladium, Pd 2.0E-4%, Pt 4.8E-4%, Rh 2.4E-5%, Ni 3.7E-2%, Cu 5.2E-2% in ore","('natural resource', 'in ground')","Palladium, Pd 1.6E-6%, in mixed ore",
"Palladium, Pd 7.3E-4%, Pt 2.5E-4%, Rh 2.0E-5%, Ni 2.3E+0%, Cu 3.2E+0% in ore","('natural resource', 'in ground')","Palladium, Pd 1.6E-6%, in mixed ore",
Particulates,"('air',)","Particulate Matter, > 2.5 um and < 10um",
"Particulates, < 10 um","('air',)","Particulate Matter, > 2.5 um and < 10um",
"Particulates, < 10 um (stationary)","('air',)","Particulate Matter, > 2.5 um and < 10um",
"Particulates, < 2.5 um","('air',)","Particulate Matter, < 2.5 um",
"Particulates, < 2.5 um","('air', 'lower stratosphere + upper troposphere')","Particulate Matter, < 2.5 um",
"Particulates, < 2.5 um","('air', 'low population density, long-term')","Particulate Matter, < 2.5 um",
"Particulates, < 2.5 um","('air', 'non-urban air or from high stacks')","Particulate Matter, < 2.5 um",
"Particulates, < 2.5 um","('air', 'urban air close to ground')","Particulate Matter, < 2.5 um",
"Particulates, > 10 um","('air', 'low population density, long-term')","Particulate Matter, > 10 um",
"Particulates, > 10 um","('air', 'urban air close to ground')","Particulate Matter, > 10 um",
"Particulates, > 10 um","('air', 'non-urban air or from high stacks')","Particulate Matter, > 10 um",
"Particulates, > 10 um","('air',)","Particulate Matter, > 10 um",
"Particulates, > 2.5 um, and < 10um","('air', 'non-urban air or from high stacks')","Particulate Matter, > 2.5 um and < 10um",
"Particulates, > 2.5 um, and < 10um","('air',)","Particulate Matter, > 2.5 um and < 10um",
"Particulates, > 2.5 um, and < 10um","('air', 'low population density, long-term')","Particulate Matter, > 2.5 um and < 10um",
"Particulates, > 2.5 um, and < 10um","('air', 'urban air close to ground')","Particulate Matter, > 2.5 um and < 10um",
"Particulates, unspecified","('air',)","Particulate Matter, > 2.5 um and < 10um",
Peat,"('natural resource', 'in ground')",,"('natural resource', 'biotic')"
"Pentane, 2-methyl-","('air', 'urban air close to ground')",2-Methylpentane,
"Pentane, perfluoro-","('air',)",Perfluoropentane,
"Perchlorate, ion","('water', 'surface water')",Perchlorate,
Petrol,"('water', 'surface water')",,
"Phenol, 2-chloro-","('water',)",,
"Phenol, 2-chloro-","('air',)",,
"Phenol, 2,4-dichloro-","('air', 'urban air close to ground')","Phenol, 2,4-dichloro",
"Phenol, 4-chloro-","('air',)",,
"Phenol, pentachloro-","('water', 'surface water')",,
Phosphate,"('soil', 'industrial')",,
Platinum,"('resources',)",,"('natural resource', 'in ground')"
Platinum,"('natural resource', 'biotic')",,"('natural resource', 'in ground')"
"Platinum, Pt 2.5E-4%, Pd 7.3E-4%, Rh 2.0E-5%, Ni 2.3E+0%, Cu 3.2E+0% in ore","('natural resource', 'in ground')","Platinum, Pt 4.7E-7%, in mixed ore",
"Platinum, Pt 4.8E-4%, Pd 2.0E-4%, Rh 2.4E-5%, Ni 3.7E-2%, Cu 5.2E-2% in ore","('natural resource', 'in ground')","Platinum, Pt 4.7E-7%, in mixed ore",
Potassium,"('air', 'low population density, long-term')",Potassium I,
Potassium,"('water', 'surface water')",Potassium I,
Potassium,"('soil', 'agricultural')",Potassium I,
Potassium,"('soil',)",Potassium I,
Potassium,"('air', 'urban air close to ground')",Potassium I,
Potassium,"('water', 'ocean')",Potassium I,
Potassium,"('air', 'non-urban air or from high stacks')",Potassium I,
Potassium,"('water',)",Potassium I,
Potassium,"('water', 'ground-, long-term')",Potassium I,
Potassium,"('water', 'ground-')",Potassium I,
Potassium,"('air',)",Potassium I,
Potassium,"('soil', 'industrial')",Potassium I,
Potassium chloride,"('natural resource', 'in ground')",,
"Propane, 1,1,1,3,3-pentafluoro-, HFC-245fa","('air',)",,
"Propane, 1,2-dichloro-","('water', 'surface water')",,
"Propane, perfluorocyclo-","('air', 'urban air close to ground')",,
Propylene glycol methyl ether acetate,"('air',)",,
Prothioconazol,"('soil', 'agricultural')",,
Pyraclostrobin (prop),"('soil', 'agricultural')",,
Quizalofop ethyl ester,"('soil', 'agricultural')",Quizalofop-ethyl,
"Radioactive species, unspecified","('air', 'non-urban air or from high stacks')","Radioactive species, from fission and activation",
"Radioactive species, unspecified","('air',)","Radioactive species, from fission and activation",
"Rhodium, Rh 2.0E-5%, Pt 2.5E-4%, Pd 7.3E-4%, Ni 2.3E+0%, Cu 3.2E+0% in ore","('natural resource', 'in ground')","Rhodium, Rh 1.6E-7%, in mixed ore",
"Rhodium, Rh 2.4E-5%, Pt 4.8E-4%, Pd 2.0E-4%, Ni 3.7E-2%, Cu 5.2E-2% in ore","('natural resource', 'in ground')","Rhodium, Rh 1.6E-7%, in mixed ore",
Sand,"('natural resource', 'in ground')","Sand, unspecified",
"Sand, resource correction","('natural resource', 'in ground')","Sand, unspecified",
Selenium,"('air', 'non-urban air or from high stacks')",Selenium IV,
Selenium,"('water',)",Selenium IV,
Selenium,"('water', 'ground-, long-term')",Selenium IV,
Selenium,"('air',)",Selenium IV,
Selenium,"('soil', 'industrial')",Selenium IV,
Selenium,"('air', 'lower stratosphere + upper troposphere')",Selenium IV,
Selenium,"('water', 'ground-')",Selenium IV,
Selenium,"('air', 'low population density, long-term')",Selenium IV,
Selenium,"('soil', 'agricultural')",Selenium IV,
Selenium,"('soil',)",Selenium IV,
Selenium,"('air', 'urban air close to ground')",Selenium IV,
Selenium,"('water', 'ocean')",Selenium IV,
Selenium,"('water', 'surface water')",Selenium IV,
Shale,"('resources',)",,"('natural resource', 'in ground')"
Silver,"('water', 'surface water')",Silver I,
Silver,"('soil', 'agricultural')",Silver I,
Silver,"('soil',)",Silver I,
Silver,"('air', 'urban air close to ground')",Silver I,
Silver,"('water', 'ocean')",Silver I,
Silver,"('water', 'ground-, long-term')",Silver I,
Silver,"('air', 'non-urban air or from high stacks')",Silver I,
Silver,"('air',)",Silver I,
Silver,"('water',)",Silver I,
Silver,"('water', 'ground-')",Silver I,
Silver,"('air', 'low population density, long-term')",Silver I,
"Silver, Ag 9.7E-4%, Au 9.7E-4%, Zn 0.63%, Cu 0.38%, Pb 0.014%, in ore","('natural resource', 'in ground')","Silver, Ag 9.7E-4%, in mixed ore",
Sodium,"('water', 'ocean')",,
Sodium,"('water', 'surface water')",,
Sodium,"('water', 'ground-, long-term')",Sodium I,
Sodium bromide,"('natural resource', 'in ground')",,
Sodium bromide,"('resources',)",,
Sodium carbonate,"('air',)",,
Sodium chloride,"('natural resource', 'in water')",,"('natural resource', 'in ground')"
Sodium chloride,"('air',)",,
Sodium chloride,"('water',)",,
Sodium sulfate,"('natural resource', 'in ground')",,
Sodium tetrahydroborate,"('air', 'urban air close to ground')",,
Soil,"('natural resource', 'in ground')",,
Sulfate,"('soil', 'industrial')",,"('soil',)"
Sulfide,"('soil', 'industrial')",,
Sulfur,"('air',)",,
Sulfur trioxide,"('water', 'surface water')",,
"Suspended solids, unspecified","('water', 'fossil well')",,
Tebupirimphos,"('soil', 'agricultural')",,
Terbufos,"('water', 'surface water')",,
Terbufos,"('air',)",,
Thallium,"('water', 'ground-')",Thallium I,
Thallium,"('water', 'surface water')",Thallium I,
Thallium,"('air', 'urban air close to ground')",Thallium I,
Thallium,"('air', 'non-urban air or from high stacks')",Thallium I,
Thallium,"('water',)",Thallium I,
Thallium,"('water', 'ground-, long-term')",Thallium I,
Thallium,"('air',)",Thallium I,
"Thiazole, 2-(thiocyanatemethylthio)benzo-","('soil', 'agricultural')",,
Tin,"('water', 'ground-')",Tin ion,
Tin,"('air', 'low population density, long-term')",Tin ion,
Tin,"('soil', 'agricultural')",Tin ion,
Tin,"('soil',)",Tin ion,
Tin,"('water', 'ocean')",Tin ion,
Tin,"('water', 'surface water')",Tin ion,
Tin,"('air', 'non-urban air or from high stacks')",Tin ion,
Tin,"('air', 'urban air close to ground')",Tin ion,
Tin,"('water', 'ground-, long-term')",Tin ion,
Tin,"('air',)",Tin ion,
Tin,"('water',)",Tin ion,
Tin (II),"('water',)",Tin ion,
Tin oxide,"('air',)",Tin ion,
"Tin, resource correction","('natural resource', 'in ground')",Tin,
Titanium,"('water', 'ocean')",Titanium ion,
Titanium,"('water', 'ground-, long-term')",Titanium ion,
Titanium,"('air',)",Titanium ion,
Titanium,"('water',)",Titanium ion,
Titanium,"('water', 'ground-')",Titanium ion,
Titanium,"('air', 'low population density, long-term')",Titanium ion,
Titanium,"('soil', 'agricultural')",Titanium ion,
Titanium,"('water', 'surface water')",Titanium ion,
Titanium,"('air', 'non-urban air or from high stacks')",Titanium ion,
Titanium,"('soil',)",Titanium ion,
Titanium,"('air', 'urban air close to ground')",Titanium ion,
"TOC, Total Organic Carbon","('air',)",,
"TOC, Total Organic Carbon","('soil',)",,
"TOC, Total Organic Carbon","('air', 'urban air close to ground')",,
"Toluene, 2-chloro-","('water', 'surface water')","Toluene, 2-chloro",
"Toluene, 2-chloro-","('air', 'urban air close to ground')","Toluene, 2-chloro",
"Transformation, from agriculture","('natural resource', 'land')","Transformation, from annual crop",
"Transformation, from agriculture, mosaic","('natural resource', 'land')","Transformation, from annual crop",
"Transformation, from annual crop, irrigated","('resources',)",,"('natural resource', 'land')"
"Transformation, from annual crop, non-irrigated, fallow","('natural resource', 'land')","Transformation, from annual crop, non-irrigated",
"Transformation, from annual crop, non-irrigated, intensive","('resources',)","Transformation, from annual crop, non-irrigated","('natural resource', 'land')"
"Transformation, from arable, non-irrigated, diverse-intensive","('natural resource', 'land')","Transformation, from arable land, unspecified use",
"Transformation, from arable, organic","('natural resource', 'land')","Transformation, from arable land, unspecified use",
"Transformation, from forest, intensive, clear-cutting","('natural resource', 'land')","Transformation, from forest, intensive",
"Transformation, from forest, intensive, normal","('natural resource', 'land')","Transformation, from forest, intensive",
"Transformation, from forest, intensive, short-cycle","('natural resource', 'land')","Transformation, from forest, intensive",
"Transformation, from forest, natural","('natural resource', 'land')","Transformation, from forest, unspecified",
"Transformation, from forest, unspecified","('resources',)","Transformation, from forest, unspecified","('natural resource', 'land')"
"Transformation, from industrial area, benthos","('natural resource', 'land')","Transformation, from industrial area",
"Transformation, from industrial area, built up","('natural resource', 'land')","Transformation, from industrial area",
"Transformation, from industrial area, vegetation","('natural resource', 'land')","Transformation, from industrial area",
"Transformation, from pasture and meadow","('natural resource', 'land')","Transformation, from pasture, man made",
"Transformation, from pasture and meadow, organic","('natural resource', 'land')","Transformation, from pasture, man made",
"Transformation, from permanent crop, fruit, extensive","('natural resource', 'land')","Transformation, from permanent crop, irrigated, extensive",
"Transformation, from sea and ocean","('natural resource', 'land')","Transformation, from seabed, unspecified",
"Transformation, from tropical rain forest","('natural resource', 'land')","Transformation, from forest, extensive",
"Transformation, from unknown","('resources',)",,"('natural resource', 'land')"
"Transformation, from unspecified, natural (non-use)","('resources',)","Transformation, from unspecified, natural (non-use)","('natural resource', 'land')"
"Transformation, from unspecified, used","('resources',)","Transformation, from unspecified","('natural resource', 'land')"
"Transformation, from unspecified, used","('natural resource', 'in ground')","Transformation, from unspecified","('natural resource', 'land')"
"Transformation, to agriculture","('natural resource', 'land')","Transformation, to annual crop",
"Transformation, to annual crop, irrigated","('resources',)","Transformation, to annual crop, irrigated","('natural resource', 'land')"
"Transformation, to annual crop, non-irrigated, intensive","('resources',)","Transformation, to annual crop, non-irrigated, intensive","('natural resource', 'land')"
"Transformation, to arable, non-irrigated, diverse-intensive","('natural resource', 'land')","Transformation, to annual crop, non-irrigated, intensive",
"Transformation, to arable, non-irrigated, fallow","('natural resource', 'land')","Transformation, to annual crop, non-irrigated",
"Transformation, to arable, organic","('natural resource', 'land')","Transformation, to annual crop",
"Transformation, to dump site, benthos","('natural resource', 'land')","Transformation, to dump site",
"Transformation, to forest, intensive, clear-cutting","('natural resource', 'land')","Transformation, to forest, intensive",
"Transformation, to forest, intensive, normal","('natural resource', 'land')","Transformation, to forest, intensive",
"Transformation, to forest, intensive, short-cycle","('natural resource', 'land')","Transformation, to forest, intensive",
"Transformation, to industrial area","('resources',)","Transformation, to industrial area","('natural resource', 'land')"
"Transformation, to industrial area","('natural resource', 'in ground')","Transformation, to industrial area","('natural resource', 'land')"
"Transformation, to industrial area, benthos","('natural resource', 'land')","Transformation, to industrial area",
"Transformation, to industrial area, built up","('natural resource', 'land')","Transformation, to industrial area",
"Transformation, to industrial area, built up","('resources',)","Transformation, to industrial area","('natural resource', 'land')"
"Transformation, to industrial area, vegetation","('resources',)","Transformation, to industrial area","('natural resource', 'land')"
"Transformation, to industrial area, vegetation","('natural resource', 'land')","Transformation, to industrial area",
"Transformation, to pasture and meadow, organic","('natural resource', 'land')","Transformation, to pasture, man made",
"Transformation, to permanent crop, fruit, intensive","('natural resource', 'land')","Transformation, to permanent crop",
"Transformation, to sea and ocean","('natural resource', 'land')","Transformation, to seabed, unspecified",
"Transformation, to sealed soil","('natural resource', 'land')","Transformation, to unspecified",
"Transformation, to traffic area","('resources',)","Transformation, to traffic area, road network","('natural resource', 'land')"
"Transformation, to traffic area, road embankment","('natural resource', 'land')","Transformation, to traffic area, rail/road embankment",
"Transformation, to traffic area, road network","('resources',)","Transformation, to traffic area, rail network","('natural resource', 'land')"
"Transformation, to tropical rain forest","('natural resource', 'land')","Transformation, to forest, extensive",
"Transformation, to urban","('resources',)","Transformation, to urban, continuously built","('natural resource', 'land')"
"Transformation, to urban, discontinuously built","('resources',)","Transformation, to urban, discontinuously built","('natural resource', 'land')"
"Transformation, to water bodies, artificial","('natural resource', 'land')","Transformation, to unspecified",
"Transformation, to water courses, artificial","('natural resource', 'land')","Transformation, to unspecified",
Tributylstannane,"('water', 'surface water')",,
Tributylstannane,"('water',)",,
Tributyltin oxide,"('water', 'surface water')",,
Trichloroethane,"('air',)",,
Trifluralin,"('water', 'surface water')",,"('water',)"
Trifluralin,"('air',)",,"('air', 'non-urban air or from high-stacks')"
Uranium,"('water',)",Uranium-234,
Uranium,"('natural resource', 'land')",,"('natural resource', 'in ground')"
Uranium,"('resources',)",,"('natural resource', 'in ground')"
Used air,"('air',)",,
Vanadium,"('air', 'non-urban air or from high stacks')",Vanadium V,
Vanadium,"('water',)",Vanadium V,
Vanadium,"('water', 'ground-, long-term')",Vanadium V,
Vanadium,"('air',)",Vanadium V,
Vanadium,"('soil', 'industrial')",Vanadium V,
Vanadium,"('water', 'ground-')",Vanadium V,
Vanadium,"('air', 'low population density, long-term')",Vanadium V,
Vanadium,"('water', 'surface water')",Vanadium V,
Vanadium,"('soil', 'agricultural')",Vanadium V,
Vanadium,"('soil',)",Vanadium V,
Vanadium,"('air', 'urban air close to ground')",Vanadium V,
Vanadium,"('water', 'ocean')",Vanadium V,
Vinyl acetate,"('air',)",,
Vinyl acetate,"('water',)",,
"VOC, volatile organic compounds, unspecified origin","('water', 'surface water')","VOC, volatile organic compounds",
"VOC, volatile organic compounds, unspecified origin","('water', 'ocean')","VOC, volatile organic compounds",
"VOC, volatile organic compounds, unspecified origin","('air',)","VOC, volatile organic compounds",
"VOC, volatile organic compounds, unspecified origin","('water',)","VOC, volatile organic compounds",
"Waste mass, total, placed in landfill","('natural resource', 'in ground')",,"('inventory indicator', 'waste')"
Waste water,"('water', 'surface water')",,
Waste water,"('water', 'ocean')",,
Waste water/m3,"('water',)",,
"Water, AE","('water', 'surface water')",Water,
"Water, AO","('water', 'surface water')",Water,
"Water, AR","('water', 'surface water')",Water,
"Water, AT","('air',)",Water,
"Water, AT","('water',)",Water,
"Water, AU","('water',)",Water,
"Water, AU","('air',)",Water,
"Water, AU","('water', 'surface water')",Water,
"Water, AZ","('water', 'surface water')",Water,
"Water, AZ","('water', 'ocean')",Water,
"Water, BA","('air',)",Water,
"Water, BA","('water',)",Water,
"Water, BE","('air',)",Water,
"Water, BE","('water', 'surface water')",Water,
"Water, BE","('water',)",Water,
"Water, BO","('water', 'surface water')",Water,
"Water, BR","('water', 'surface water')",Water,
"Water, BR","('air',)",Water,
"Water, BR","('water',)",Water,
"Water, CA","('air',)",Water,
"Water, CA","('water',)",Water,
"Water, CA","('water', 'surface water')",Water,
"Water, CH","('air',)",Water,
"Water, CH","('water', 'surface water')",Water,
"Water, CH","('water',)",Water,
"Water, CL","('air',)",Water,
"Water, CL","('water',)",Water,
"Water, CM","('water',)",Water,
"Water, CN","('air',)",Water,
"Water, CN","('water',)",Water,
"Water, CN","('water', 'surface water')",Water,
"Water, CO","('water',)",Water,
"Water, CO","('water', 'surface water')",Water,
"Water, cooling, unspecified natural origin, CH","('natural resource', 'in water')","Water, cooling, unspecified natural origin",
"Water, cooling, unspecified natural origin, CN","('natural resource', 'in water')","Water, cooling, unspecified natural origin",
"Water, cooling, unspecified natural origin, DE","('natural resource', 'in water')","Water, cooling, unspecified natural origin",
"Water, cooling, unspecified natural origin, KR","('natural resource', 'in water')","Water, cooling, unspecified natural origin",
"Water, cooling, unspecified natural origin, RER","('natural resource', 'in water')","Water, cooling, unspecified natural origin",
"Water, cooling, unspecified natural origin, RER","('natural resource', 'in ground')","Water, cooling, unspecified natural origin",
"Water, cooling, unspecified natural origin, US","('natural resource', 'in water')","Water, cooling, unspecified natural origin",
"Water, cooling, unspecified natural origin/m3","('natural resource', 'in water')","Water, cooling, unspecified natural origin",
"Water, CS","('air',)",Water,
"Water, CZ","('air',)",Water,
"Water, CZ","('water',)",Water,
"Water, DE","('water', 'surface water')",Water,
"Water, DE","('air',)",Water,
"Water, DE","('water',)",Water,
"Water, DK","('air',)",Water,
"Water, DK","('water',)",Water,
"Water, DZ","('water', 'surface water')",Water,
"Water, EC","('water', 'surface water')",Water,
"Water, EG","('water', 'surface water')",Water,
"Water, embodied in product, CH","('economic', 'primary production factor')",,
"Water, embodied in product, ES","('economic', 'primary production factor')",,
"Water, embodied in product, KE","('economic', 'primary production factor')",,
"Water, embodied in product, MX","('economic', 'primary production factor')",,
"Water, embodied in product, PE","('economic', 'primary production factor')",,
"Water, ES","('water', 'surface water')",Water,
"Water, ES","('air',)",Water,
"Water, ES","('water',)",Water,
"Water, Europe","('air',)",Water,
"Water, FI","('water',)",Water,
"Water, FI","('air',)",Water,
"Water, fossil","('natural resource', 'in water')",Water,
"Water, FR","('water',)",Water,
"Water, FR","('air',)",Water,
"Water, FR","('water', 'surface water')",Water,
"Water, FR","('air', 'non-urban air or from high stacks')",Water,
"Water, GB","('air',)",Water,
"Water, GB","('water',)",Water,
"Water, GB","('water', 'ocean')",Water,
"Water, GB","('water', 'surface water')",Water,
"Water, GQ","('water', 'surface water')",Water,
"Water, GR","('air',)",Water,
"Water, GR","('water',)",Water,
"Water, HR","('water',)",Water,
"Water, HR","('air',)",Water,
"Water, HU","('water',)",Water,
"Water, HU","('air',)",Water,
"Water, ID","('water', 'surface water')",Water,
"Water, IE","('air',)",Water,
"Water, IE","('water',)",Water,
"Water, IL","('water',)",Water,
"Water, IL","('air',)",Water,
"Water, IN","('water',)",Water,
"Water, IN","('water', 'surface water')",Water,
"Water, IN","('air',)",Water,
"Water, IQ","('water', 'surface water')",Water,
"Water, IR","('water', 'surface water')",Water,
"Water, IS","('air',)",Water,
"Water, IT","('water', 'surface water')",Water,
"Water, IT","('water',)",Water,
"Water, IT","('air',)",Water,
"Water, JP","('air',)",Water,
"Water, JP","('water',)",Water,
"Water, JP","('water', 'surface water')",Water,
"Water, KE","('air',)",Water,
"Water, KR","('air',)",Water,
"Water, KR","('water', 'surface water')",Water,
"Water, KR","('water',)",Water,
"Water, KW","('water', 'surface water')",Water,
"Water, KZ","('water', 'ocean')",Water,
"Water, KZ","('water', 'surface water')",Water,
"Water, lake, RER","('natural resource', 'in water')",Water,
"Water, LU","('air',)",Water,
"Water, LU","('water',)",Water,
"Water, LY","('water', 'surface water')",Water,
"Water, MA","('water',)",Water,
"Water, MK","('air',)",Water,
"Water, MK","('water',)",Water,
"Water, MX","('water', 'ocean')",Water,
"Water, MX","('water', 'surface water')",Water,
"Water, MX","('air',)",Water,
"Water, MX","('water',)",Water,
"Water, MY","('water', 'surface water')",Water,
"Water, MY","('air',)",Water,
"Water, MY","('water',)",Water,
"Water, MZ","('air',)",Water,
"Water, NG","('water', 'surface water')",Water,
"Water, NL","('water', 'surface water')",Water,
"Water, NL","('air',)",Water,
"Water, NL","('water',)",Water,
"Water, NO","('water', 'ocean')",Water,
"Water, NO","('water', 'surface water')",Water,
"Water, NO","('air',)",Water,
"Water, NO","('water', 'fossil well')",Water,
"Water, NO","('water',)",Water,
"Water, NZ","('air',)",Water,
"Water, NZ","('water',)",Water,
"Water, OECD","('air',)",Water,
"Water, OM","('water', 'surface water')",Water,
"Water, PE","('air',)",Water,
"Water, PE","('water',)",Water,
"Water, PE","('water', 'surface water')",Water,
"Water, PL","('water', 'surface water')",Water,
"Water, PL","('air',)",Water,
"Water, PL","('water',)",Water,
"Water, process, surface","('natural resource', 'in water')","Water, unspecified natural origin",
"Water, process, unspecified natural origin/kg","('natural resource', 'land')","Water, unspecified natural origin",
"Water, process, unspecified natural origin/kg","('natural resource', 'in ground')","Water, unspecified natural origin",
"Water, process, unspecified natural origin/kg","('resources',)","Water, unspecified natural origin","('natural resource', 'in water')"
"Water, process, unspecified natural origin/m3","('natural resource', 'in water')","Water, unspecified natural origin",
"Water, process, unspecified natural origin/m3","('natural resource', 'land')","Water, unspecified natural origin",
"Water, process, unspecified natural origin/m3","('resources',)","Water, unspecified natural origin","('natural resource', 'in water')"
"Water, PT","('air',)",Water,
"Water, PT","('water',)",Water,
"Water, QA","('water', 'surface water')",Water,
"Water, RAF","('water', 'surface water')",Water,
"Water, RER","('water', 'surface water')",Water,
"Water, RER","('air',)",Water,
"Water, RER","('water',)",Water,
"Water, river, CH","('natural resource', 'in water')","Water, river",
"Water, river, KE","('natural resource', 'in water')","Water, river",
"Water, river, RER","('natural resource', 'in water')","Water, river",
"Water, RO","('water', 'surface water')",Water,
"Water, RS","('water',)",Water,
"Water, RU","('water',)",Water,
"Water, RU","('water', 'surface water')",Water,
"Water, SA","('water', 'surface water')",Water,
"Water, SA","('water', 'ocean')",Water,
"Water, SE","('air',)",Water,
"Water, SE","('water',)",Water,
"Water, SI","('air',)",Water,
"Water, SI","('water',)",Water,
"Water, SK","('air',)",Water,
"Water, SK","('water',)",Water,
"Water, TH","('air',)",Water,
"Water, TH","('water',)",Water,
"Water, TH","('water', 'surface water')",Water,
"Water, TM","('water', 'surface water')",Water,
"Water, TR","('air',)",Water,
"Water, TR","('water', 'surface water')",Water,
"Water, TR","('water',)",Water,
"Water, TT","('water', 'surface water')",Water,
"Water, TW","('water', 'surface water')",Water,
"Water, UA","('water', 'surface water')",Water,
"Water, UA","('water',)",Water,
"Water, unspecified natural origin, AE","('natural resource', 'in water')","Water, unspecified natural origin",
"Water, unspecified natural origin, AO","('natural resource', 'in water')","Water, unspecified natural origin",
"Water, unspecified natural origin, AR","('natural resource', 'in water')","Water, unspecified natural origin",
"Water, unspecified natural origin, AT","('natural resource', 'in water')","Water, unspecified natural origin",
"Water, unspecified natural origin, AU","('natural resource', 'in water')","Water, unspecified natural origin",
"Water, unspecified natural origin, AZ","('natural resource', 'in water')","Water, unspecified natural origin",
"Water, unspecified natural origin, BA","('natural resource', 'in water')","Water, unspecified natural origin",
"Water, unspecified natural origin, BE","('natural resource', 'in water')","Water, unspecified natural origin",
"Water, unspecified natural origin, BO","('natural resource', 'in water')","Water, unspecified natural origin",
"Water, unspecified natural origin, BR","('natural resource', 'in water')","Water, unspecified natural origin",
"Water, unspecified natural origin, CA","('natural resource', 'in water')","Water, unspecified natural origin",
"Water, unspecified natural origin, CH","('natural resource', 'in water')","Water, unspecified natural origin",
"Water, unspecified natural origin, CL","('natural resource', 'in water')","Water, unspecified natural origin",
"Water, unspecified natural origin, CM","('natural resource', 'in water')","Water, unspecified natural origin",
"Water, unspecified natural origin, CN","('natural resource', 'in water')","Water, unspecified natural origin",
"Water, unspecified natural origin, CO","('natural resource', 'in water')","Water, unspecified natural origin",
"Water, unspecified natural origin, CZ","('natural resource', 'in water')","Water, unspecified natural origin",
"Water, unspecified natural origin, DE","('natural resource', 'in water')","Water, unspecified natural origin",
"Water, unspecified natural origin, DK","('natural resource', 'in water')","Water, unspecified natural origin",
"Water, unspecified natural origin, DZ","('natural resource', 'in water')","Water, unspecified natural origin",
"Water, unspecified natural origin, EC","('natural resource', 'in water')","Water, unspecified natural origin",
"Water, unspecified natural origin, EG","('natural resource', 'in water')","Water, unspecified natural origin",
"Water, unspecified natural origin, ES","('natural resource', 'in water')","Water, unspecified natural origin",
"Water, unspecified natural origin, FI","('natural resource', 'in water')","Water, unspecified natural origin",
"Water, unspecified natural origin, FR","('natural resource', 'in water')","Water, unspecified natural origin",
"Water, unspecified natural origin, GB","('natural resource', 'in water')","Water, unspecified natural origin",
"Water, unspecified natural origin, GLO","('natural resource', 'in water')","Water, unspecified natural origin",
"Water, unspecified natural origin, GQ","('natural resource', 'in water')","Water, unspecified natural origin",
"Water, unspecified natural origin, GR","('natural resource', 'in water')","Water, unspecified natural origin",
"Water, unspecified natural origin, HR","('natural resource', 'in water')","Water, unspecified natural origin",
"Water, unspecified natural origin, HU","('natural resource', 'in water')","Water, unspecified natural origin",
"Water, unspecified natural origin, ID","('natural resource', 'in water')","Water, unspecified natural origin",
"Water, unspecified natural origin, IE","('natural resource', 'in water')","Water, unspecified natural origin",
"Water, unspecified natural origin, IL","('natural resource', 'in water')","Water, unspecified natural origin",
"Water, unspecified natural origin, IN","('natural resource', 'in water')","Water, unspecified natural origin",
"Water, unspecified natural origin, IQ","('natural resource', 'in water')","Water, unspecified natural origin",
"Water, unspecified natural origin, IR","('natural resource', 'in water')","Water, unspecified natural origin",
"Water, unspecified natural origin, IT","('natural resource', 'in water')","Water, unspecified natural origin",
"Water, unspecified natural origin, JP","('natural resource', 'in water')","Water, unspecified natural origin",
"Water, unspecified natural origin, KE","('natural resource', 'in water')","Water, unspecified natural origin",
"Water, unspecified natural origin, KR","('natural resource', 'in water')","Water, unspecified natural origin",
"Water, unspecified natural origin, KW","('natural resource', 'in water')","Water, unspecified natural origin",
"Water, unspecified natural origin, KZ","('natural resource', 'in water')","Water, unspecified natural origin",
"Water, unspecified natural origin, LU","('natural resource', 'in water')","Water, unspecified natural origin",
"Water, unspecified natural origin, LY","('natural resource', 'in water')","Water, unspecified natural origin",
"Water, unspecified natural origin, MA","('natural resource', 'in water')","Water, unspecified natural origin",
"Water, unspecified natural origin, MK","('natural resource', 'in water')","Water, unspecified natural origin",
"Water, unspecified natural origin, MX","('natural resource', 'in water')","Water, unspecified natural origin",
"Water, unspecified natural origin, MY","('natural resource', 'in water')","Water, unspecified natural origin",
"Water, unspecified natural origin, NG","('natural resource', 'in water')","Water, unspecified natural origin",
"Water, unspecified natural origin, NL","('natural resource', 'in water')","Water, unspecified natural origin",
"Water, unspecified natural origin, NO","('natural resource', 'in water')","Water, unspecified natural origin",
"Water, unspecified natural origin, NZ","('natural resource', 'in water')","Water, unspecified natural origin",
"Water, unspecified natural origin, OECD","('natural resource', 'in water')","Water, unspecified natural origin",
"Water, unspecified natural origin, OM","('natural resource', 'in water')","Water, unspecified natural origin",
"Water, unspecified natural origin, PE","('natural resource', 'in water')","Water, unspecified natural origin",
"Water, unspecified natural origin, PL","('natural resource', 'in water')","Water, unspecified natural origin",
"Water, unspecified natural origin, PT","('natural resource', 'in water')","Water, unspecified natural origin",
"Water, unspecified natural origin, QA","('natural resource', 'in water')","Water, unspecified natural origin",
"Water, unspecified natural origin, RAF","('natural resource', 'in water')","Water, unspecified natural origin",
"Water, unspecified natural origin, RER","('natural resource', 'in water')","Water, unspecified natural origin",
"Water, unspecified natural origin, RO","('natural resource', 'in water')","Water, unspecified natural origin",
"Water, unspecified natural origin, RS","('natural resource', 'in water')","Water, unspecified natural origin",
"Water, unspecified natural origin, RU","('natural resource', 'in water')","Water, unspecified natural origin",
"Water, unspecified natural origin, SA","('natural resource', 'in water')","Water, unspecified natural origin",
"Water, unspecified natural origin, SE","('natural resource', 'in water')","Water, unspecified natural origin",
"Water, unspecified natural origin, SI","('natural resource', 'in water')","Water, unspecified natural origin",
"Water, unspecified natural origin, SK","('natural resource', 'in water')","Water, unspecified natural origin",
"Water, unspecified natural origin, TH","('natural resource', 'in water')","Water, unspecified natural origin",
"Water, unspecified natural origin, TM","('natural resource', 'in water')","Water, unspecified natural origin",
"Water, unspecified natural origin, TR","('natural resource', 'in water')","Water, unspecified natural origin",
"Water, unspecified natural origin, TT","('natural resource', 'in water')","Water, unspecified natural origin",
"Water, unspecified natural origin, TW","('natural resource', 'in water')","Water, unspecified natural origin",
"Water, unspecified natural origin, UA","('natural resource', 'in water')","Water, unspecified natural origin",
"Water, unspecified natural origin, US","('natural resource', 'in water')","Water, unspecified natural origin",
"Water, unspecified natural origin, UZ","('natural resource', 'in water')","Water, unspecified natural origin",
"Water, unspecified natural origin, VE","('natural resource', 'in water')","Water, unspecified natural origin",
"Water, unspecified natural origin, ZA","('natural resource', 'in water')","Water, unspecified natural origin",
"Water, unspecified natural origin/m3","('resources',)","Water, unspecified natural origin","('natural resource', 'in water')"
"Water, unspecified natural origin/m3","('natural resource', 'in water')","Water, unspecified natural origin",
"Water, unspecified, Europe","('natural resource', 'in water')","Water, unspecified natural origin",
"Water, US","('water', 'ocean')",Water,
"Water, US","('air',)",Water,
"Water, US","('water',)",Water,
"Water, US","('water', 'surface water')",Water,
"Water, UZ","('water', 'surface water')",Water,
"Water, VE","('water', 'surface water')",Water,
"Water, well","('natural resource', 'in water')","Water, well, in ground",
"Water, well","('resources',)","Water, well, in ground","('natural resource', 'in water')"
"Water, well, CH","('natural resource', 'in water')","Water, well, in ground",
"Water, well, GLO","('natural resource', 'in water')","Water, well, in ground",
"Water, well, RER","('natural resource', 'in water')","Water, well, in ground",
"Water, well, RER","('natural resource', 'in ground')","Water, well, in ground",
"Water, ZA","('air',)",Water,
"Water, ZA","('water',)",Water,
Water/m3,"('air', 'non-urban air or from high stacks')",Water,
"Wood, unspecified, standing/kg","('natural resource', 'land')","Wood, unspecified, standing",
"Wood, unspecified, standing/kg","('resources',)","Wood, unspecified, standing","('natural resource', 'biotic')"
"Wood, unspecified, standing/m3","('natural resource', 'biotic')","Wood, unspecified, standing",
Zinc,"('soil', 'industrial')",Zinc II,
Zinc,"('air', 'lower stratosphere + upper troposphere')",Zinc II,
Zinc,"('air', 'low population density, long-term')",Zinc II,
Zinc,"('water', 'surface water')",Zinc II,
Zinc,"('soil', 'agricultural')",Zinc II,
Zinc,"('soil',)",Zinc II,
Zinc,"('air', 'urban air close to ground')",Zinc II,
Zinc,"('water', 'ocean')",Zinc II,
Zinc,"('air', 'non-urban air or from high stacks')",Zinc II,
Zinc,"('water',)",Zinc II,
Zinc,"('water', 'ground-, long-term')",Zinc II,
Zinc,"('water', 'ground-')",Zinc II,
Zinc,"('air',)",Zinc II,
Zinc oxide,"('air',)",Zinc II,
"Zinc, resource correction","('natural resource', 'in ground')",Zinc,
"Zinc, Zn 0.63%, Au 9.7E-4%, Ag 9.7E-4%, Cu 0.38%, Pb 0.014%, in ore","('natural resource', 'in ground')","Zinc, Zn 0.63%, in mixed ore",